release_id,color_hex,color_pastel
5482558,#20242A,#AAABAE
153378,#151513,#A6A6A5
6484114,#3A1E21,#B4A9AA
3063887,#E8E1E1,#F6F3F3
4675996,#DB3318,#F1B1A7
34512307,#575143,#BFBCB7
2837286,#100E0F,#A4A3A3
708377,#D1B0AA,#EDE0DE
2638227,#DAA580,#F0DCCE
35181346,#3F2F2F,#B6AFAF
2868359,#937E74,#D5CDCA
4566191,#9CA1A1,#D9DBDB
3015122,#726664,#C9C4C4
6567726,#CBD1CD,#EBEDEC
31695398,#59524C,#BFBDBA
326537,#191625,#A7A6AC
2286432,#A9874A,#DED1BA
421870,#DBBAB0,#F1E4E0
3201929,#F1E0CC,#F9F3EB
2428379,#C6C4C1,#E9E8E7
34860737,#BBAEA1,#E5E0DB
4275146,#8CA79C,#D3DDD9
457276,#ED9483,#F8D6CF
94532,#F4F5F4,#FAFBFA
5254593,#B4A29E,#E2DBDA
2488238,#6C5B5D,#C7C0C1
35442007,#D6CBB8,#EFEBE4
557964,#D8AE93,#F0E0D5
6530420,#CABAAE,#EAE4E0
2680905,#402619,#B6ACA7
2884247,#AC442A,#DFB7AE
3757980,#C9C3C5,#EAE8E8
18566905,#8C2D24,#D3AFAB
37197222,#202223,#AAABAB
5822800,#232223,#ABABAB
16414551,#8E4346,#D4B7B8
873425,#353C49,#B2B4B9
557007,#482E2B,#B9AFAE
36238906,#E6EBCE,#F5F7EC
2864849,#7E8C99,#CDD3D8
18536692,#33332B,#B1B1AE
5600660,#5A3429,#C0B1AD
1638445,#423E3D,#B7B5B5
30597451,#58635B,#BFC3C0
27717348,#ABA8AA,#DFDDDE
4155277,#C4C8BA,#E8EAE4
2406598,#F7EDE5,#FBF8F5
2466768,#A7A5A1,#DDDCDB
1883192,#775B41,#CBC0B6
4770633,#404266,#B6B7C4
6917975,#6F6258,#C8C3BF
10639232,#383F37,#B3B6B3
5528581,#CDD3D5,#ECEEEF
36619927,#6C6A5E,#C7C6C1
3707062,#3D2522,#B5ACAB
12057538,#BB856F,#E5D0C8
4882387,#D7D3C7,#EFEEE9
16206051,#B57031,#E2C8B0
865849,#BE8269,#E6CFC6
739777,#E3C273,#F4E7C9
2665251,#95B6B9,#D6E3E4
12536449,#AAA178,#DEDBCB
4992359,#2D3131,#AFB0B0
15637922,#1E262D,#A9ACAF
12548560,#295290,#ADBDD4
3012850,#6BAACE,#C6DEEC
1464053,#922669,#D5ACC6
2686266,#AF90A3,#E0D4DC
26284916,#D0BB93,#EDE5D5
6784951,#353738,#B2B3B3
2359389,#231F1B,#ABA9A8
34607353,#BB9F86,#E5DAD1
1696389,#4C573F,#BABFB6
1375560,#373B45,#B3B4B8
16540851,#735B31,#C9C0B0
7558591,#4B4E4C,#BABBBA
779802,#E1D6BE,#F3EFE6
1467087,#B37559,#E2CABF
35371936,#425873,#B7BFC9
2007337,#C88366,#EACFC4
2839717,#4E646F,#BBC4C8
3632878,#BD8160,#E5CFC2
7040190,#939088,#D5D4D1
25881277,#22160E,#ABA6A3
3549733,#5B4F4B,#C0BCBA
34768091,#292F17,#ADAFA6
7673745,#CC3D31,#EBB5B0
10992295,#95ACBA,#D6DFE4
717306,#213961,#AAB3C2
16465506,#685807,#C5BFA0
11180494,#0A1215,#A1A4A6
1164596,#D2D0C7,#EDEDE9
3547218,#C8BEAA,#EAE6DE
6906346,#F1E9DF,#F9F6F2
2659170,#F5E7CD,#FBF5EC
424481,#9D9B96,#D9D9D7
3355419,#BD8A63,#E5D2C3
2778896,#2E3860,#AFB3C2
4538995,#433F3A,#B7B6B4
10019246,#B59E53,#E2DABD
36570613,#C1BFB1,#E7E6E1
35700658,#7C555B,#CDBEC0
1719156,#C28142,#E7CFB7
5476808,#9FA8AC,#DADDDF
14508545,#5E696E,#C1C6C7
2838497,#B9323D,#E4B1B5
255874,#A3A7AF,#DCDDE0
2698412,#A1522E,#DBBDAF
2669548,#CEC794,#ECE9D6
2580075,#2B4760,#AEB9C2
34334881,#343133,#B1B0B1
8270177,#AAA497,#DEDCD7
506443,#211C20,#AAA8AA
3608764,#EADFD9,#F7F2F0
365838,#46352E,#B8B2AF
9330823,#B5866F,#E2D1C8
9693349,#42393A,#B7B3B4
7131901,#CAB097,#EAE0D7
2680847,#CCCCCB,#EBEBEB
2382232,#DDDBC6,#F2F1E9
2388225,#A69671,#DDD7C9
35814406,#242424,#ABABAB
602721,#463B36,#B8B4B2
35731924,#516453,#BCC4BD
1986220,#C6D075,#E9EDCA
9567533,#62625D,#C3C3C1
11514999,#A3A7AC,#DCDDDF
24812033,#625748,#C3BFB9
12413161,#483D38,#B9B5B3
8562151,#362218,#B2ABA7
12486184,#DBD9D6,#F1F0EF
7547487,#5B6659,#C0C4BF
2240765,#A17F56,#DBCEBE
1670656,#D3A597,#EEDCD7
1892641,#CDABB5,#ECDFE2
1361568,#322E3C,#B1AFB4
8131475,#26282D,#ACADAF
10406209,#7E221C,#CDABA8
2665764,#E67F6D,#F5CEC7
2665607,#725854,#C9BFBE
3630532,#26272A,#ACACAE
2635366,#BF4E44,#E6BBB7
7408083,#2A2A2C,#AEAEAE
20854702,#D8DFDB,#F0F2F1
6397520,#403E37,#B6B5B3
5620693,#E2AC58,#F3DFBF
15584066,#382F2C,#B3AFAE
13988717,#C0AC93,#E7DFD5
337636,#92483E,#D5B9B5
118664,#F1F2F6,#F9FAFB
2249988,#39403D,#B3B6B5
675788,#4A4D63,#BABBC3
7989976,#D5CFC6,#EFECE9
1585368,#241A16,#ABA7A6
14685056,#C2BFC2,#E7E6E7
12430504,#867F72,#D1CEC9
11118731,#AB803C,#DFCEB4
497427,#4E3D3B,#BBB5B4
36683854,#E4E9D4,#F4F6EE
8825726,#7C553F,#CDBEB6
11131098,#B6B5B5,#E3E2E2
19239142,#D8D9D6,#F0F0EF
5003251,#D5C186,#EFE7D1
2664862,#FAF7EF,#FDFBF8
11341384,#D9BAA2,#F0E4DB
20141203,#C44E38,#E8BBB3
2386570,#8C675B,#D3C5C0
2250960,#241E29,#ABA9AD
5812246,#36261E,#B2ACA9
5178341,#D9D1C8,#F0EDEA
2543814,#F49B79,#FAD9CC
11829849,#B7693C,#E3C6B4
1361899,#E6DCCC,#F5F1EB
2863188,#241B39,#ABA8B3
2897674,#2F2B28,#AFAEAD
3046279,#EFE1C5,#F8F3E8
2750609,#245A73,#ABC0C9
4257538,#B1B5B8,#E1E2E4
221276,#1E1218,#A9A4A7
3403356,#825453,#CFBEBD
4257641,#5B5653,#C0BEBD
558139,#493A38,#B9B4B3
2589065,#71897D,#C9D2CD
2809231,#C5C8CE,#E8EAEC
3055214,#6D6164,#C7C2C4
9504068,#6B6A6A,#C6C6C6
20706427,#9C8254,#D9CFBE
10730067,#464F5C,#B8BCC1
624849,#6D6870,#C7C5C8
1929627,#CC8536,#EBD0B2
15157705,#BC9217,#E5D5A6
1932210,#1F1D23,#A9A9AB
10764276,#C9C8C2,#EAEAE7
2878655,#3F2C29,#B6AEAD
7861004,#7C5938,#CDBFB3
2440167,#E7C0B1,#F5E7E1
1614989,#0F0908,#A3A1A1
1364064,#DAA157,#F0DBBF
23217800,#A9A89E,#DEDDDA
2216599,#504E2F,#BCBBAF
2407203,#B19033,#E1D4B1
455051,#130E12,#A5A3A4
1682407,#CDBDAC,#ECE5DF
1794215,#131319,#A5A5A7
19321081,#9B4F2F,#D9BCAF
6692418,#40342D,#B6B1AF
2974300,#6D525E,#C7BDC1
557357,#B7685A,#E3C5C0
6520767,#E3BA81,#F4E4CF
801360,#346F4F,#B1C8BC
6520599,#44332F,#B7B1AF
3082802,#C3C2B3,#E8E7E2
2413837,#443945,#B7B3B8
3832155,#434343,#B7B7B7
1348063,#E2D8C1,#F3F0E7
2533013,#B99988,#E4D8D1
10425667,#212B3E,#AAAEB5
2766134,#C44449,#E8B7B9
9407009,#BA425A,#E4B7C0
2413935,#B2734C,#E1C9BA
2690919,#261F18,#ACA9A7
4197988,#BDB5B0,#E5E2E0
7321156,#334061,#B1B6C2
5543958,#BE90A1,#E6D4DB
31402985,#E1DFC9,#F3F2EA
5543852,#CFB09F,#ECE0DA
5743198,#70716C,#C8C9C7
4267914,#C3BFB9,#E8E6E4
3050893,#ABA092,#DFDAD5
2491153,#9C9A93,#D9D8D5
980226,#CA5643,#EABEB7
32557386,#9EA266,#DADBC4
2693391,#E6E2D9,#F5F3F0
108884,#A7B9C1,#DDE4E7
3789842,#424758,#B7B9BF
2608515,#EFEBE1,#F8F7F3
2329098,#C4AD85,#E8DFD0
